1,mike5,Mike,Smith,hn12873,mike5@gmail.com,aasfafffesiuhdfk
4,guey6,giid,Siyh,hn1287,guey6@gmail.com,kklkgyefhnsnyui
5,tuesday,gudje,Sieyrb,uriy437,ytrjd8@gmail.com,heiiendi
100,null,james,watt,123456,jwatt@mail.com,tempe townlake
-1832173037,adelineclarissa,adeline,clarissa,123456,adeline.clarissa@gmail.com,1234 tempe arizona
9719321,janedoe,jane,doe,password,jdoe@asu.edu,scottsdale 1234
293433367,appleorange,apple,orange,pass,apple@mail,tree
9468191,asdfjkklklk,asdf,jkklklk,123,asdfasdfasdf,asdffyjfghj
9732598,johndoe,john,doe,1,johndoe@mail.com,asdflkjasdlflkiowuroiue
414,af,a,f,a,m,a
415,bb,b,b,b,b,b
416,cc,c,c,c,c,c
417,dd,d,d,d,d,d
